author;prize;short;long;;2006;2007;2008;2009;2010;2011;2012;2013;2014;2015;2016;2017;2018;2019;2020;2021;2022;2023;;2006;2007;2008;2009;2010;2011;2012;2013;2014;2015;2016;2017;2018;2019;2020;2021;2022;2023
Евгений Водолазкин;3;3;0;;0;0;0;0;5;0;0;10;0;0;10;0;0;5;0;5;0;10;;0;0;0;0;5;5;5;15;15;15;25;25;25;30;30;35;35;45;
Александр Иличевский;2;4;0;;5;5;5;0;10;0;1;1;0;0;5;0;0;0;10;0;1;0;;5;10;15;15;25;25;26;27;27;27;32;32;32;32;42;42;43;43;
Дмитрий Быков;3;1;0;;10;5;1;1;0;10;0;0;0;0;0;0;10;0;0;0;1;0;;10;15;16;17;17;27;27;27;27;27;27;27;37;37;37;37;38;38;
Юрий Буйда;2;2;0;;0;0;0;0;0;5;0;10;1;0;1;1;1;0;0;5;0;10;;0;0;0;0;0;5;5;15;16;16;17;18;19;19;19;24;24;34;
Леонид Юзефович;3;0;0;;0;0;0;10;0;0;0;0;0;0;10;0;0;0;0;10;0;0;;0;0;0;10;10;10;10;10;10;10;20;20;20;20;20;30;30;30;
Виктор Пелевин;1;3;0;;0;5;0;0;10;1;0;0;0;5;1;5;1;1;0;0;0;0;;0;5;5;5;15;16;16;16;16;21;22;27;28;29;29;29;29;29;
Алексей Варламов;2;1;0;;0;10;0;1;0;0;0;0;0;5;1;0;1;0;0;0;10;0;;0;10;10;11;11;11;11;11;11;16;17;17;18;18;18;18;28;28;
Павел Басинский;2;1;0;;0;0;5;0;10;0;0;0;0;0;0;0;1;0;0;1;10;1;;0;0;5;5;15;15;15;15;15;15;15;15;16;16;16;17;27;28;
Людмила Улицкая;2;1;0;;5;10;0;0;0;1;0;0;0;0;10;0;0;0;0;0;0;0;;5;15;15;15;15;16;16;16;16;16;26;26;26;26;26;26;26;26;
Захар Прилепин;1;2;0;;0;0;1;0;1;0;5;0;10;0;1;0;0;0;1;1;0;5;;0;0;1;1;2;2;7;7;17;17;18;18;18;18;19;20;20;25;
Яхина Гузель;2;1;0;;0;0;0;0;0;0;0;0;0;10;0;0;0;10;0;0;5;0;;0;0;0;0;0;0;0;0;0;10;10;10;10;20;20;20;25;25;
Шамиль Идиатуллин;2;0;0;;0;0;0;0;1;0;0;0;0;0;0;10;0;0;10;1;1;1;;0;0;0;0;1;1;1;1;1;1;1;11;11;11;21;22;23;24;
Андрей Волос;0;4;0;;5;5;0;5;0;0;0;5;0;0;0;1;0;0;1;0;1;0;;5;10;10;15;15;15;15;20;20;20;20;21;21;21;22;22;23;23;
Роман Сенчин;1;2;0;;0;0;0;0;5;0;1;0;0;10;0;0;0;5;0;1;1;0;;0;0;0;0;5;5;6;6;6;16;16;16;16;21;21;22;23;23;
Дина Рубина;1;2;0;;0;10;0;0;1;0;0;0;0;5;0;1;0;0;5;0;0;0;;0;10;10;10;11;11;11;11;11;16;16;17;17;17;22;22;22;22;
Владимир Сорокин;2;0;0;;0;0;0;1;0;10;0;0;10;0;0;1;0;0;0;0;0;0;;0;0;0;1;1;11;11;11;21;21;21;22;22;22;22;22;22;22;
Беляков Сергей;2;0;0;;0;0;0;0;0;0;0;10;0;0;1;0;0;0;1;0;10;0;;0;0;0;0;0;0;0;10;10;10;11;11;11;11;12;12;22;22;
Алексей Слаповский;0;3;0;;1;5;0;0;1;5;0;0;0;1;1;5;0;0;0;1;1;0;;1;6;6;6;7;12;12;12;12;13;14;19;19;19;19;20;21;21;
Анна Матвеева;0;4;0;;0;1;0;0;0;0;0;5;0;5;5;0;0;0;0;0;5;0;;0;1;1;1;1;1;1;6;6;11;16;16;16;16;16;16;21;21;
Александр Кабаков;2;0;0;;10;0;0;0;0;0;10;0;0;0;0;0;0;0;0;0;0;0;;10;10;10;10;10;10;20;20;20;20;20;20;20;20;20;20;20;20;
Михаил Шишкин;2;0;0;;10;0;0;0;0;10;0;0;0;0;0;0;0;0;0;0;0;0;;10;10;10;10;10;20;20;20;20;20;20;20;20;20;20;20;20;20;
Ольга Славникова;0;4;0;;5;0;0;5;0;5;0;0;0;0;0;0;5;0;0;0;0;0;;5;5;5;10;10;15;15;15;15;15;15;15;20;20;20;20;20;20;
Леонид Зорин;2;0;0;;0;0;0;10;0;0;0;0;10;0;0;0;0;0;0;0;0;0;;0;0;0;10;10;10;10;10;20;20;20;20;20;20;20;20;20;20;
Сальников Алексей;1;2;0;;0;0;0;0;0;0;0;0;0;0;0;5;0;5;0;0;0;10;;0;0;0;0;0;0;0;0;0;0;0;5;5;10;10;10;10;20;
Валерий Попов;1;1;0;;0;0;1;0;0;0;5;0;0;0;0;0;0;10;0;0;1;0;;0;0;1;1;1;1;6;6;6;6;6;6;6;16;16;16;17;17;
Дмитрий Данилов;0;3;0;;0;0;0;0;0;5;0;5;0;0;1;1;0;0;0;0;5;0;;0;0;0;0;0;5;5;10;10;10;11;12;12;12;12;12;17;17;
Лев Данилкин;1;1;0;;0;5;0;0;0;1;0;0;0;0;0;10;0;0;0;0;0;0;;0;5;5;5;5;6;6;6;6;6;6;16;16;16;16;16;16;16;
Андрей Рубанов;0;2;0;;0;0;1;0;1;1;5;0;0;0;0;5;0;1;0;1;0;1;;0;0;1;1;2;3;8;8;8;8;8;13;13;14;14;15;15;16;
Владимир Маканин;1;1;0;;0;0;10;0;0;0;5;0;0;0;0;0;0;0;0;0;0;0;;0;0;10;10;10;10;15;15;15;15;15;15;15;15;15;15;15;15;
Владимир Шаров;1;1;0;;0;0;5;0;0;0;0;0;10;0;0;0;0;0;0;0;0;0;;0;0;5;5;5;5;5;5;15;15;15;15;15;15;15;15;15;15;
Александр Архангельский;1;0;0;;0;0;1;1;0;0;0;1;0;0;1;0;10;0;0;0;1;0;;0;0;1;2;2;2;2;3;3;3;4;4;14;14;14;14;15;15;
Александр Терехов;1;1;0;;0;0;0;10;0;0;0;5;0;0;0;0;0;0;0;0;0;0;;0;0;0;10;10;10;10;15;15;15;15;15;15;15;15;15;15;15;
Мария Галина;0;3;0;;0;0;0;5;0;0;5;0;0;0;5;0;0;0;0;0;0;0;;0;0;0;5;5;5;10;10;10;10;15;15;15;15;15;15;15;15;
Михаил Гиголашвили;0;3;0;;0;0;0;0;5;0;0;0;0;0;0;5;0;0;0;5;0;0;;0;0;0;0;5;5;5;5;5;5;5;10;10;10;10;15;15;15;
Кучерская Майя;1;1;0;;0;0;0;0;0;0;0;5;0;0;0;0;0;0;0;10;0;0;;0;0;0;0;0;0;0;5;5;5;5;5;5;5;5;15;15;15;
Ермаков Олег;0;2;0;;0;0;0;0;0;0;0;0;0;1;0;1;5;1;0;0;5;1;;0;0;0;0;0;0;0;0;0;1;1;2;7;8;8;8;13;14;
Василий Авченко;0;2;0;;0;0;0;0;1;0;0;0;0;0;1;0;0;0;5;0;1;5;;0;0;0;0;1;1;1;1;1;1;2;2;2;2;7;7;8;13;
Сергей Шаргунов;1;0;0;;0;0;0;0;0;1;0;0;1;0;0;10;1;0;0;0;0;0;;0;0;0;0;0;1;1;1;2;2;2;12;13;13;13;13;13;13;
Попов Евгений;1;0;0;;0;0;0;0;0;0;10;1;0;0;0;0;0;0;0;0;1;1;;0;0;0;0;0;0;10;11;11;11;11;11;11;11;11;11;12;13;
Максим Кантор;0;2;0;;5;0;0;0;1;0;0;5;0;0;1;0;0;0;0;0;0;0;;5;5;5;5;6;6;6;11;11;11;12;12;12;12;12;12;12;12;
Борис Евсеев;0;2;0;;1;0;0;5;5;0;0;0;0;0;0;1;0;0;0;0;0;0;;1;1;1;6;11;11;11;11;11;11;11;12;12;12;12;12;12;12;
Букша Ксения;0;2;0;;0;0;0;0;0;0;0;0;5;0;0;0;1;1;5;0;0;0;;0;0;0;0;0;0;0;0;5;5;5;5;6;7;12;12;12;12;
Макушинский Алексей;0;2;0;;0;0;0;0;0;0;0;0;5;0;0;0;1;0;5;0;1;0;;0;0;0;0;0;0;0;0;5;5;5;5;6;6;11;11;12;12;
Борис Васильев;1;0;0;;1;0;0;10;0;0;0;0;0;0;0;0;0;0;0;0;0;0;;1;1;1;11;11;11;11;11;11;11;11;11;11;11;11;11;11;11;
Людмила Сараскина;1;0;0;;0;0;10;0;0;0;1;0;0;0;0;0;0;0;0;0;0;0;;0;0;10;10;10;10;11;11;11;11;11;11;11;11;11;11;11;11;
Рустам Рахматуллин;1;0;0;;0;0;10;0;1;0;0;0;0;0;0;0;0;0;0;0;0;0;;0;0;10;10;11;11;11;11;11;11;11;11;11;11;11;11;11;11;
Андрей Дмитриев;0;2;0;;0;0;1;0;0;0;5;0;0;0;0;0;0;0;0;5;0;0;;0;0;1;1;1;1;6;6;6;6;6;6;6;6;6;11;11;11;
Андрей Балдин;0;2;0;;0;0;0;5;5;0;1;0;0;0;0;0;0;0;0;0;0;0;;0;0;0;5;10;10;11;11;11;11;11;11;11;11;11;11;11;11;
Сергей Солоух;0;2;0;;0;0;0;0;0;5;0;0;0;0;5;0;0;0;0;0;1;0;;0;0;0;0;0;5;5;5;5;5;10;10;10;10;10;10;11;11;
Даниил Гранин;1;0;0;;0;0;0;0;0;1;10;0;0;0;0;0;0;0;0;0;0;0;;0;0;0;0;0;1;11;11;11;11;11;11;11;11;11;11;11;11;
Тимур Кибиров;1;0;0;;0;0;0;0;0;1;0;0;0;0;0;0;0;0;10;0;0;0;;0;0;0;0;0;1;1;1;1;1;1;1;1;1;11;11;11;11;
Виктория Токарева;1;0;0;;0;0;0;0;0;0;0;0;0;0;0;10;0;0;0;0;0;1;;0;0;0;0;0;0;0;0;0;0;0;10;10;10;10;10;10;11;
Наум Коржавин;1;0;0;;10;0;0;0;0;0;0;0;0;0;0;0;0;0;0;0;0;0;;10;10;10;10;10;10;10;10;10;10;10;10;10;10;10;10;10;10;
Алексей Иванов;0;2;0;;5;0;0;0;0;0;0;0;0;0;5;0;0;0;0;0;0;0;;5;5;5;5;5;5;5;5;5;5;10;10;10;10;10;10;10;10;
Андрей Битов;1;0;0;;0;10;0;0;0;0;0;0;0;0;0;0;0;0;0;0;0;0;;0;10;10;10;10;10;10;10;10;10;10;10;10;10;10;10;10;10;
Валентин Распутин;1;0;0;;0;10;0;0;0;0;0;0;0;0;0;0;0;0;0;0;0;0;;0;10;10;10;10;10;10;10;10;10;10;10;10;10;10;10;10;10;
Илья Кормильцев;1;0;0;;0;10;0;0;0;0;0;0;0;0;0;0;0;0;0;0;0;0;;0;10;10;10;10;10;10;10;10;10;10;10;10;10;10;10;10;10;
Александр Солженицын;1;0;0;;0;0;10;0;0;0;0;0;0;0;0;0;0;0;0;0;0;0;;0;0;10;10;10;10;10;10;10;10;10;10;10;10;10;10;10;10;
Антон Павлович Чехов;1;0;0;;0;0;0;0;10;0;0;0;0;0;0;0;0;0;0;0;0;0;;0;0;0;0;10;10;10;10;10;10;10;10;10;10;10;10;10;10;
Питер Мейер;1;0;0;;0;0;0;0;0;10;0;0;0;0;0;0;0;0;0;0;0;0;;0;0;0;0;0;10;10;10;10;10;10;10;10;10;10;10;10;10;
Фазиль Искандер;1;0;0;;0;0;0;0;0;10;0;0;0;0;0;0;0;0;0;0;0;0;;0;0;0;0;0;10;10;10;10;10;10;10;10;10;10;10;10;10;
Степнова Марина;1;0;0;;0;0;0;0;0;0;10;0;0;0;0;0;0;0;0;0;0;0;;0;0;0;0;0;0;10;10;10;10;10;10;10;10;10;10;10;10;
Галлимар Антуан;1;0;0;;0;0;0;0;0;0;10;0;0;0;0;0;0;0;0;0;0;0;;0;0;0;0;0;0;10;10;10;10;10;10;10;10;10;10;10;10;
Григоренко Александр;0;2;0;;0;0;0;0;0;0;5;0;5;0;0;0;0;0;0;0;0;0;;0;0;0;0;0;0;5;5;10;10;10;10;10;10;10;10;10;10;
Евгений Евтушенко;1;0;0;;0;0;0;0;0;0;0;10;0;0;0;0;0;0;0;0;0;0;;0;0;0;0;0;0;0;10;10;10;10;10;10;10;10;10;10;10;
Чижов Евгений;0;2;0;;0;0;0;0;0;0;0;0;5;0;0;0;0;0;5;0;0;0;;0;0;0;0;0;0;0;0;5;5;5;5;5;5;10;10;10;10;
Залотуха Валерий;1;0;0;;0;0;0;0;0;0;0;0;0;10;0;0;0;0;0;0;0;0;;0;0;0;0;0;0;0;0;0;10;10;10;10;10;10;10;10;10;
Телеканал ВГТРК;1;0;0;;0;0;0;0;0;0;0;0;0;10;0;0;0;0;0;0;0;0;;0;0;0;0;0;0;0;0;0;10;10;10;10;10;10;10;10;10;
Международная ярмарка интеллектуальной литературы «Non/fiction»;1;0;0;;0;0;0;0;0;0;0;0;0;0;10;0;0;0;0;0;0;0;;0;0;0;0;0;0;0;0;0;0;10;10;10;10;10;10;10;10;
Мария Степанова;1;0;0;;0;0;0;0;0;0;0;0;0;0;0;0;10;0;0;0;0;0;;0;0;0;0;0;0;0;0;0;0;0;0;10;10;10;10;10;10;
Людмила Петрушевская;1;0;0;;0;0;0;0;0;0;0;0;0;0;0;0;10;0;0;0;0;0;;0;0;0;0;0;0;0;0;0;0;0;0;10;10;10;10;10;10;
Евгения Лисицина;1;0;0;;0;0;0;0;0;0;0;0;0;0;0;0;10;0;0;0;0;0;;0;0;0;0;0;0;0;0;0;0;0;0;10;10;10;10;10;10;
Олег Лекманов;1;0;0;;0;0;0;0;0;0;0;0;0;0;0;0;0;10;0;0;0;0;;0;0;0;0;0;0;0;0;0;0;0;0;0;10;10;10;10;10;
Михаил Свердлов;1;0;0;;0;0;0;0;0;0;0;0;0;0;0;0;0;10;0;0;0;0;;0;0;0;0;0;0;0;0;0;0;0;0;0;10;10;10;10;10;
Илья Симановский;1;0;0;;0;0;0;0;0;0;0;0;0;0;0;0;0;10;0;0;0;0;;0;0;0;0;0;0;0;0;0;0;0;0;0;10;10;10;10;10;
Григорий Служитель;1;0;0;;0;0;0;0;0;0;0;0;0;0;0;0;0;10;0;0;0;0;;0;0;0;0;0;0;0;0;0;0;0;0;0;10;10;10;10;10;
Мария Лебедева;1;0;0;;0;0;0;0;0;0;0;0;0;0;0;0;0;10;0;0;0;0;;0;0;0;0;0;0;0;0;0;0;0;0;0;10;10;10;10;10;
Михаил Сеславинский;1;0;0;;0;0;0;0;0;0;0;0;0;0;0;0;0;0;10;0;0;0;;0;0;0;0;0;0;0;0;0;0;0;0;0;0;10;10;10;10;
Сергей Лебеденко;1;0;0;;0;0;0;0;0;0;0;0;0;0;0;0;0;0;10;0;0;0;;0;0;0;0;0;0;0;0;0;0;0;0;0;0;10;10;10;10;
Евгений Кремчуков;0;2;0;;0;0;0;0;0;0;0;0;0;0;0;0;0;0;5;0;0;5;;0;0;0;0;0;0;0;0;0;0;0;0;0;0;5;5;5;10;
София Синицкая;0;2;0;;0;0;0;0;0;0;0;0;0;0;0;0;0;0;5;0;5;0;;0;0;0;0;0;0;0;0;0;0;0;0;0;0;5;5;10;10;
Виктор Ремезов;1;0;0;;0;0;0;0;0;0;0;0;0;0;0;0;0;0;0;10;0;0;;0;0;0;0;0;0;0;0;0;0;0;0;0;0;0;10;10;10;
Коллектив Государственного музея истории российской литературы имени В. И. Даля;1;0;0;;0;0;0;0;0;0;0;0;0;0;0;0;0;0;0;10;0;0;;0;0;0;0;0;0;0;0;0;0;0;0;0;0;0;10;10;10;
Иван Родионов;1;0;0;;0;0;0;0;0;0;0;0;0;0;0;0;0;0;0;10;0;0;;0;0;0;0;0;0;0;0;0;0;0;0;0;0;0;10;10;10;
Оксана Васякина;0;2;0;;0;0;0;0;0;0;0;0;0;0;0;0;0;0;0;5;0;5;;0;0;0;0;0;0;0;0;0;0;0;0;0;0;0;5;5;10;
Институт прикладной астрономии Российской академии наук;1;0;0;;0;0;0;0;0;0;0;0;0;0;0;0;0;0;0;0;10;0;;0;0;0;0;0;0;0;0;0;0;0;0;0;0;0;0;10;10;
Дина Озерова;1;0;0;;0;0;0;0;0;0;0;0;0;0;0;0;0;0;0;0;10;0;;0;0;0;0;0;0;0;0;0;0;0;0;0;0;0;0;10;10;
Павел Крусанов;0;1;0;;1;0;0;0;5;0;1;0;0;0;0;1;0;0;0;1;0;0;;1;1;1;1;6;6;7;7;7;7;7;8;8;8;8;9;9;9;
Сергей Носов;0;1;0;;0;0;0;1;0;0;5;0;0;1;0;0;1;0;0;1;0;0;;0;0;0;1;1;1;6;6;6;7;7;7;8;8;8;9;9;9;
Самсонов Сергей;0;1;0;;0;0;0;0;0;0;1;0;0;1;0;5;0;1;0;1;0;0;;0;0;0;0;0;0;1;1;1;2;2;7;7;8;8;9;9;9;
Юрий Арабов;0;1;0;;0;1;0;1;0;5;0;0;1;0;0;0;0;0;0;0;0;0;;0;1;1;2;2;7;7;7;8;8;8;8;8;8;8;8;8;8;
Лена Элтанг;0;1;0;;0;1;0;1;0;0;5;0;0;0;0;0;0;0;0;0;1;0;;0;1;1;2;2;2;7;7;7;7;7;7;7;7;7;7;8;8;
Маргарита Хемлин;0;1;0;;0;0;5;0;1;1;0;1;0;0;0;0;0;0;0;0;0;0;;0;0;5;5;6;7;7;8;8;8;8;8;8;8;8;8;8;8;
Наталья Громова;0;1;0;;0;0;0;0;1;0;0;0;1;0;0;0;1;0;5;0;0;0;;0;0;0;0;1;1;1;1;2;2;2;2;3;3;8;8;8;8;
Сергей Кузнецов;0;1;0;;0;0;0;0;0;5;0;0;0;0;1;0;1;1;0;0;0;0;;0;0;0;0;0;5;5;5;5;5;6;6;7;8;8;8;8;8;
Филипенко Саша;0;1;0;;0;0;0;0;0;0;0;0;0;1;5;0;0;0;1;0;1;0;;0;0;0;0;0;0;0;0;0;1;6;6;6;6;7;7;8;8;
Анатолий Королев;0;1;0;;5;0;1;1;0;0;0;0;0;0;0;0;0;0;0;0;0;0;;5;5;6;7;7;7;7;7;7;7;7;7;7;7;7;7;7;7;
Марина Палей;0;1;0;;5;0;0;1;0;1;0;0;0;0;0;0;0;0;0;0;0;0;;5;5;5;6;6;7;7;7;7;7;7;7;7;7;7;7;7;7;
Илья Бояшов;0;1;0;;0;0;5;0;0;0;0;0;0;0;0;0;0;0;1;1;0;0;;0;0;5;5;5;5;5;5;5;5;5;5;5;5;6;7;7;7;
Сухбат Афлатуни;0;1;0;;0;0;0;0;1;0;0;0;0;1;0;0;0;5;0;0;0;0;;0;0;0;0;1;1;1;1;1;2;2;2;2;7;7;7;7;7;
Эдуард Веркин;0;1;0;;0;0;0;0;0;0;0;0;0;0;0;0;0;1;0;1;0;5;;0;0;0;0;0;0;0;0;0;0;0;0;0;1;1;2;2;7;
Петр Алешковский;0;1;0;;1;0;0;0;0;0;0;0;0;0;5;0;0;0;0;0;0;0;;1;1;1;1;1;1;1;1;1;1;6;6;6;6;6;6;6;6;
Дмитрий Бавильский;0;1;0;;1;0;0;0;0;0;0;0;0;0;0;0;0;0;0;5;0;0;;1;1;1;1;1;1;1;1;1;1;1;1;1;1;1;6;6;6;
Игорь Ефимов;0;1;0;;0;5;0;0;0;0;1;0;0;0;0;0;0;0;0;0;0;0;;0;5;5;5;5;5;6;6;6;6;6;6;6;6;6;6;6;6;
Игорь Сахновский;0;1;0;;0;5;0;0;0;0;0;1;0;0;0;0;0;0;0;0;0;0;;0;5;5;5;5;5;5;6;6;6;6;6;6;6;6;6;6;6;
Виктор Строгальщиков;0;1;0;;0;5;0;0;0;1;0;0;0;0;0;0;0;0;0;0;0;0;;0;5;5;5;5;6;6;6;6;6;6;6;6;6;6;6;6;6;
Михаил Елизаров;0;1;0;;0;1;0;0;0;0;0;0;0;0;0;0;0;0;5;0;0;0;;0;1;1;1;1;1;1;1;1;1;1;1;1;1;6;6;6;6;
Евгений Гришковец;0;1;0;;0;0;1;0;0;0;0;0;0;0;0;0;5;0;0;0;0;0;;0;0;1;1;1;1;1;1;1;1;1;1;6;6;6;6;6;6;
Олег Зайончковский;0;1;0;;0;0;0;0;5;1;0;0;0;0;0;0;0;0;0;0;0;0;;0;0;0;0;5;6;6;6;6;6;6;6;6;6;6;6;6;6;
Олег Павлов;0;1;0;;0;0;0;0;5;0;1;0;0;0;0;0;0;0;0;0;0;0;;0;0;0;0;5;5;6;6;6;6;6;6;6;6;6;6;6;6;
Наринэ Абгарян;0;1;0;;0;0;0;0;0;1;0;0;0;0;0;0;0;0;0;5;0;0;;0;0;0;0;0;1;1;1;1;1;1;1;1;1;1;6;6;6;
Понизовский Антон;0;1;0;;0;0;0;0;0;0;0;5;0;0;0;0;1;0;0;0;0;0;;0;0;0;0;0;0;0;5;5;5;5;5;6;6;6;6;6;6;
Алексей Винокуров;0;1;0;;0;0;0;0;0;0;0;0;0;0;0;0;5;0;1;0;0;0;;0;0;0;0;0;0;0;0;0;0;0;0;5;5;6;6;6;6;
Андрей Филимонов;0;1;0;;0;0;0;0;0;0;0;0;0;0;0;0;5;0;0;0;1;0;;0;0;0;0;0;0;0;0;0;0;0;0;5;5;5;5;6;6;
Алексей Коровашко;0;1;0;;0;0;0;0;0;0;0;0;0;0;0;0;1;0;5;0;0;0;;0;0;0;0;0;0;0;0;0;0;0;0;1;1;6;6;6;6;
Линор Горалик;0;1;0;;0;0;0;0;0;0;0;0;0;0;0;0;0;5;0;0;1;0;;0;0;0;0;0;0;0;0;0;0;0;0;0;5;5;5;6;6;
Павел Селуков;0;1;0;;0;0;0;0;0;0;0;0;0;0;0;0;0;0;5;1;0;0;;0;0;0;0;0;0;0;0;0;0;0;0;0;0;5;6;6;6;
Дмитрий Захаров;0;1;0;;0;0;0;0;0;0;0;0;0;0;0;0;0;0;1;0;0;5;;0;0;0;0;0;0;0;0;0;0;0;0;0;0;1;1;1;6;
Юрий Волков;0;1;0;;5;0;0;0;0;0;0;0;0;0;0;0;0;0;0;0;0;0;;5;5;5;5;5;5;5;5;5;5;5;5;5;5;5;5;5;5;
Далия Трускиновская;0;1;0;;5;0;0;0;0;0;0;0;0;0;0;0;0;0;0;0;0;0;;5;5;5;5;5;5;5;5;5;5;5;5;5;5;5;5;5;5;
Борис Минаев;0;0;0;;1;0;1;0;0;0;0;0;0;0;1;0;1;0;0;1;0;0;;1;1;2;2;2;2;2;2;2;2;3;3;4;4;4;5;5;5;
Руслан Киреев;0;1;0;;0;0;5;0;0;0;0;0;0;0;0;0;0;0;0;0;0;0;;0;0;5;5;5;5;5;5;5;5;5;5;5;5;5;5;5;5;
Владимир Костин;0;1;0;;0;0;5;0;0;0;0;0;0;0;0;0;0;0;0;0;0;0;;0;0;5;5;5;5;5;5;5;5;5;5;5;5;5;5;5;5;
Алла Марченко;0;1;0;;0;0;0;5;0;0;0;0;0;0;0;0;0;0;0;0;0;0;;0;0;0;5;5;5;5;5;5;5;5;5;5;5;5;5;5;5;
Владимир Орлов;0;1;0;;0;0;0;5;0;0;0;0;0;0;0;0;0;0;0;0;0;0;;0;0;0;5;5;5;5;5;5;5;5;5;5;5;5;5;5;5;
Мариам Петросян;0;1;0;;0;0;0;5;0;0;0;0;0;0;0;0;0;0;0;0;0;0;;0;0;0;5;5;5;5;5;5;5;5;5;5;5;5;5;5;5;
Борис Хазанов;0;1;0;;0;0;0;5;0;0;0;0;0;0;0;0;0;0;0;0;0;0;;0;0;0;5;5;5;5;5;5;5;5;5;5;5;5;5;5;5;
Вадим Ярмолинец;0;1;0;;0;0;0;5;0;0;0;0;0;0;0;0;0;0;0;0;0;0;;0;0;0;5;5;5;5;5;5;5;5;5;5;5;5;5;5;5;
Александр Мелихов;0;0;0;;0;0;0;1;0;1;0;0;0;1;0;1;0;0;0;0;0;1;;0;0;0;1;1;2;2;2;2;3;3;4;4;4;4;4;4;5;
Евгений Клюев;0;1;0;;0;0;0;0;5;0;0;0;0;0;0;0;0;0;0;0;0;0;;0;0;0;0;5;5;5;5;5;5;5;5;5;5;5;5;5;5;
Герман Садулаев;0;1;0;;0;0;0;0;5;0;0;0;0;0;0;0;0;0;0;0;0;0;;0;0;0;0;5;5;5;5;5;5;5;5;5;5;5;5;5;5;
Асар Эппель;0;1;0;;0;0;0;0;5;0;0;0;0;0;0;0;0;0;0;0;0;0;;0;0;0;0;5;5;5;5;5;5;5;5;5;5;5;5;5;5;
Губайловский Владимир;0;1;0;;0;0;0;0;0;0;5;0;0;0;0;0;0;0;0;0;0;0;;0;0;0;0;0;0;5;5;5;5;5;5;5;5;5;5;5;5;
Архимандрит Тихон;0;1;0;;0;0;0;0;0;0;5;0;0;0;0;0;0;0;0;0;0;0;;0;0;0;0;0;0;5;5;5;5;5;5;5;5;5;5;5;5;
Левенталь Вадим;0;1;0;;0;0;0;0;0;0;0;5;0;0;0;0;0;0;0;0;0;0;;0;0;0;0;0;0;0;5;5;5;5;5;5;5;5;5;5;5;
Алексиевич Светлана;0;1;0;;0;0;0;0;0;0;0;0;5;0;0;0;0;0;0;0;0;0;;0;0;0;0;0;0;0;0;5;5;5;5;5;5;5;5;5;5;
Ремизов Виктор;0;1;0;;0;0;0;0;0;0;0;0;5;0;0;0;0;0;0;0;0;0;;0;0;0;0;0;0;0;0;5;5;5;5;5;5;5;5;5;5;
Вирабов Игорь;0;1;0;;0;0;0;0;0;0;0;0;0;5;0;0;0;0;0;0;0;0;;0;0;0;0;0;0;0;0;0;5;5;5;5;5;5;5;5;5;
Екимов Борис;0;1;0;;0;0;0;0;0;0;0;0;0;5;0;0;0;0;0;0;0;0;;0;0;0;0;0;0;0;0;0;5;5;5;5;5;5;5;5;5;
Динец Владимир;0;1;0;;0;0;0;0;0;0;0;0;0;0;5;0;0;0;0;0;0;0;;0;0;0;0;0;0;0;0;0;0;5;5;5;5;5;5;5;5;
Малышев Игорь;0;1;0;;0;0;0;0;0;0;0;0;0;0;0;5;0;0;0;0;0;0;;0;0;0;0;0;0;0;0;0;0;0;5;5;5;5;5;5;5;
Ольгерд Бахаревич;0;1;0;;0;0;0;0;0;0;0;0;0;0;0;0;0;5;0;0;0;0;;0;0;0;0;0;0;0;0;0;0;0;0;0;5;5;5;5;5;
Александр Гоноровский;0;1;0;;0;0;0;0;0;0;0;0;0;0;0;0;0;5;0;0;0;0;;0;0;0;0;0;0;0;0;0;0;0;0;0;5;5;5;5;5;
Евгения Некрасова;0;1;0;;0;0;0;0;0;0;0;0;0;0;0;0;0;5;0;0;0;0;;0;0;0;0;0;0;0;0;0;0;0;0;0;5;5;5;5;5;
Вячеслав Ставецкий;0;1;0;;0;0;0;0;0;0;0;0;0;0;0;0;0;5;0;0;0;0;;0;0;0;0;0;0;0;0;0;0;0;0;0;5;5;5;5;5;
Григорий Аросев;0;1;0;;0;0;0;0;0;0;0;0;0;0;0;0;0;0;5;0;0;0;;0;0;0;0;0;0;0;0;0;0;0;0;0;0;5;5;5;5;
Владимир Паперный;0;1;0;;0;0;0;0;0;0;0;0;0;0;0;0;0;0;0;5;0;0;;0;0;0;0;0;0;0;0;0;0;0;0;0;0;0;5;5;5;
Алексей Поляринов;0;1;0;;0;0;0;0;0;0;0;0;0;0;0;0;0;0;0;5;0;0;;0;0;0;0;0;0;0;0;0;0;0;0;0;0;0;5;5;5;
Мария Степнова;0;1;0;;0;0;0;0;0;0;0;0;0;0;0;0;0;0;0;5;0;0;;0;0;0;0;0;0;0;0;0;0;0;0;0;0;0;5;5;5;
Руслан Козлов;0;1;0;;0;0;0;0;0;0;0;0;0;0;0;0;0;0;0;0;5;0;;0;0;0;0;0;0;0;0;0;0;0;0;0;0;0;0;5;5;
Афанасий Мамедов;0;1;0;;0;0;0;0;0;0;0;0;0;0;0;0;0;0;0;0;5;0;;0;0;0;0;0;0;0;0;0;0;0;0;0;0;0;0;5;5;
Михаил Визель;0;1;0;;0;0;0;0;0;0;0;0;0;0;0;0;0;0;0;0;0;5;;0;0;0;0;0;0;0;0;0;0;0;0;0;0;0;0;0;5;
Алексей Колмогоров;0;1;0;;0;0;0;0;0;0;0;0;0;0;0;0;0;0;0;0;0;5;;0;0;0;0;0;0;0;0;0;0;0;0;0;0;0;0;0;5;
Родион Мариничев;0;1;0;;0;0;0;0;0;0;0;0;0;0;0;0;0;0;0;0;0;5;;0;0;0;0;0;0;0;0;0;0;0;0;0;0;0;0;0;5;
Хелена Побяржина;0;1;0;;0;0;0;0;0;0;0;0;0;0;0;0;0;0;0;0;0;5;;0;0;0;0;0;0;0;0;0;0;0;0;0;0;0;0;0;5;
Михаил Турбин;0;1;0;;0;0;0;0;0;0;0;0;0;0;0;0;0;0;0;0;0;5;;0;0;0;0;0;0;0;0;0;0;0;0;0;0;0;0;0;5;
Александра Шалашова;0;1;0;;0;0;0;0;0;0;0;0;0;0;0;0;0;0;0;0;0;5;;0;0;0;0;0;0;0;0;0;0;0;0;0;0;0;0;0;5;
Игорь Свинаренко;0;0;0;;1;0;0;0;0;0;0;0;1;0;1;0;0;0;0;0;1;0;;1;1;1;1;1;1;1;1;2;2;3;3;3;3;3;3;4;4;
Николай Климонтович;0;0;0;;0;1;0;1;0;0;0;1;1;0;0;0;0;0;0;0;0;0;;0;1;1;2;2;2;2;3;4;4;4;4;4;4;4;4;4;4;
Андрей Геласимов;0;0;0;;0;0;0;1;0;0;0;0;0;1;0;0;1;0;1;0;0;0;;0;0;0;1;1;1;1;1;1;2;2;2;3;3;4;4;4;4;
Александр Снегирев;0;0;0;;0;0;0;1;0;0;0;0;0;1;0;0;0;1;0;0;1;0;;0;0;0;1;1;1;1;1;1;2;2;2;2;3;3;3;4;4;
Елена Катишонок;0;0;0;;0;0;0;0;1;1;0;0;0;1;0;0;0;0;0;0;1;0;;0;0;0;0;1;2;2;2;2;3;3;3;3;3;3;3;4;4;
Анатолий Найман;0;0;0;;1;0;1;0;1;0;0;0;0;0;0;0;0;0;0;0;0;0;;1;1;2;2;3;3;3;3;3;3;3;3;3;3;3;3;3;3;
Сергей Соловьев;0;0;0;;1;0;0;1;0;0;0;0;0;0;0;0;0;0;0;0;1;0;;1;1;1;2;2;2;2;2;2;2;2;2;2;2;2;2;3;3;
Вадим Месяц;0;0;0;;0;1;0;0;0;0;0;0;0;0;0;1;0;0;1;0;0;0;;0;1;1;1;1;1;1;1;1;1;1;2;2;2;3;3;3;3;
Мария Рыбакова;0;0;0;;0;1;0;1;0;0;0;0;0;1;0;0;0;0;0;0;0;0;;0;1;1;2;2;2;2;2;2;3;3;3;3;3;3;3;3;3;
Дмитрий Глуховский;0;0;0;;0;0;1;0;0;0;0;0;0;0;0;0;1;0;0;0;1;0;;0;0;1;1;1;1;1;1;1;1;1;1;2;2;2;2;3;3;
Марина Москвина;0;0;0;;0;0;1;1;0;0;0;0;0;0;0;0;1;0;0;0;0;0;;0;0;1;2;2;2;2;2;2;2;2;2;3;3;3;3;3;3;
Андрей Столяров;0;0;0;;0;0;1;0;0;0;1;1;0;0;0;0;0;0;0;0;0;0;;0;0;1;1;1;1;2;3;3;3;3;3;3;3;3;3;3;3;
Всеволод Бенигсен;0;0;0;;0;0;0;1;1;0;1;0;0;0;0;0;0;0;0;0;0;0;;0;0;0;1;2;2;3;3;3;3;3;3;3;3;3;3;3;3;
Глеб Шульпяков;0;0;0;;0;0;0;1;0;1;0;0;1;0;0;0;0;0;0;0;0;0;;0;0;0;1;1;2;2;2;3;3;3;3;3;3;3;3;3;3;
Андрей Тавров;0;0;0;;0;0;0;0;1;0;0;0;0;0;0;1;0;0;0;0;0;1;;0;0;0;0;1;1;1;1;1;1;1;2;2;2;2;2;2;3;
Андрей Аствацатуров;0;0;0;;0;0;0;0;0;1;0;0;0;0;1;0;0;0;1;0;0;0;;0;0;0;0;0;1;1;1;1;1;2;2;2;2;3;3;3;3;
Ганиева Алиса;0;0;0;;0;0;0;0;0;0;0;1;0;1;0;0;0;1;0;0;0;0;;0;0;0;0;0;0;0;1;1;2;2;2;2;3;3;3;3;3;
Василий Аксенов;0;0;0;;1;1;0;0;0;0;0;0;0;0;0;0;0;0;0;0;0;0;;1;2;2;2;2;2;2;2;2;2;2;2;2;2;2;2;2;2;
Анатолий Бузулукский;0;0;0;;1;0;0;0;0;0;0;0;0;1;0;0;0;0;0;0;0;0;;1;1;1;1;1;1;1;1;1;2;2;2;2;2;2;2;2;2;
Анатолий Курчаткин;0;0;0;;1;1;0;0;0;0;0;0;0;0;0;0;0;0;0;0;0;0;;1;2;2;2;2;2;2;2;2;2;2;2;2;2;2;2;2;2;
Дмитрий Новиков;0;0;0;;1;0;0;0;0;0;0;0;0;0;0;1;0;0;0;0;0;0;;1;1;1;1;1;1;1;1;1;1;1;2;2;2;2;2;2;2;
Ольга Новикова;0;0;0;;1;0;0;0;1;0;0;0;0;0;0;0;0;0;0;0;0;0;;1;1;1;1;2;2;2;2;2;2;2;2;2;2;2;2;2;2;
Дмитрий Стахов;0;0;0;;1;0;0;0;0;0;0;0;0;0;0;0;0;0;1;0;0;0;;1;1;1;1;1;1;1;1;1;1;1;1;1;1;2;2;2;2;
Алан Черчесов;0;0;0;;1;0;0;0;0;0;1;0;0;0;0;0;0;0;0;0;0;0;;1;1;1;1;1;1;2;2;2;2;2;2;2;2;2;2;2;2;
Галина Щербакова;0;0;0;;1;1;0;0;0;0;0;0;0;0;0;0;0;0;0;0;0;0;;1;2;2;2;2;2;2;2;2;2;2;2;2;2;2;2;2;2;
Вадим Бабенко;0;0;0;;0;1;0;0;1;0;0;0;0;0;0;0;0;0;0;0;0;0;;0;1;1;1;2;2;2;2;2;2;2;2;2;2;2;2;2;2;
Алла Боссарт;0;0;0;;0;1;0;1;0;0;0;0;0;0;0;0;0;0;0;0;0;0;;0;1;1;2;2;2;2;2;2;2;2;2;2;2;2;2;2;2;
Алексей Евдокимов;0;0;0;;0;1;0;0;0;1;0;0;0;0;0;0;0;0;0;0;0;0;;0;1;1;1;1;2;2;2;2;2;2;2;2;2;2;2;2;2;
Мастер Чэнь;0;0;0;;0;1;0;1;0;0;0;0;0;0;0;0;0;0;0;0;0;0;;0;1;1;2;2;2;2;2;2;2;2;2;2;2;2;2;2;2;
Елена Колядина;0;0;0;;0;1;0;0;0;0;0;0;1;0;0;0;0;0;0;0;0;0;;0;1;1;1;1;1;1;1;2;2;2;2;2;2;2;2;2;2;
Владимир Войнович;0;0;0;;0;0;1;0;1;0;0;0;0;0;0;0;0;0;0;0;0;0;;0;0;1;1;2;2;2;2;2;2;2;2;2;2;2;2;2;2;
Денис Гуцко;0;0;0;;0;0;1;0;0;0;0;1;0;0;0;0;0;0;0;0;0;0;;0;0;1;1;1;1;1;2;2;2;2;2;2;2;2;2;2;2;
Владимир Данихнов;0;0;0;;0;0;1;0;0;0;0;0;0;0;0;0;1;0;0;0;0;0;;0;0;1;1;1;1;1;1;1;1;1;1;2;2;2;2;2;2;
Олег Зоберн;0;0;0;;0;0;1;0;0;0;0;0;0;0;0;0;0;1;0;0;0;0;;0;0;1;1;1;1;1;1;1;1;1;1;1;2;2;2;2;2;
Яна Дубинянская;0;0;0;;0;0;0;1;0;0;0;0;1;0;0;0;0;0;0;0;0;0;;0;0;0;1;1;1;1;1;2;2;2;2;2;2;2;2;2;2;
Александр Товбин;0;0;0;;0;0;0;1;0;0;0;0;0;1;0;0;0;0;0;0;0;0;;0;0;0;1;1;1;1;1;1;2;2;2;2;2;2;2;2;2;
Игорь Вишневецкий;0;0;0;;0;0;0;0;1;0;0;0;0;0;0;0;1;0;0;0;0;0;;0;0;0;0;1;1;1;1;1;1;1;1;2;2;2;2;2;2;
Валерий Вотрин;0;0;0;;0;0;0;0;1;0;0;1;0;0;0;0;0;0;0;0;0;0;;0;0;0;0;1;1;1;2;2;2;2;2;2;2;2;2;2;2;
Денис Драгунский;0;0;0;;0;0;0;0;1;0;0;1;0;0;0;0;0;0;0;0;0;0;;0;0;0;0;1;1;1;2;2;2;2;2;2;2;2;2;2;2;
Владимир Козлов;0;0;0;;0;0;0;0;1;0;0;0;0;0;0;0;1;0;0;0;0;0;;0;0;0;0;1;1;1;1;1;1;1;1;2;2;2;2;2;2;
Михаил Левитин;0;0;0;;0;0;0;0;1;0;0;0;0;0;0;0;0;1;0;0;0;0;;0;0;0;0;1;1;1;1;1;1;1;1;1;2;2;2;2;2;
Сергей Шикера;0;0;0;;0;0;0;0;1;0;0;0;0;1;0;0;0;0;0;0;0;0;;0;0;0;0;1;1;1;1;1;2;2;2;2;2;2;2;2;2;
Сергей Лебедев;0;0;0;;0;0;0;0;0;1;0;0;0;0;0;0;1;0;0;0;0;0;;0;0;0;0;0;1;1;1;1;1;1;1;2;2;2;2;2;2;
Ольга Лукас;0;0;0;;0;0;0;0;0;1;1;0;0;0;0;0;0;0;0;0;0;0;;0;0;0;0;0;1;2;2;2;2;2;2;2;2;2;2;2;2;
Александр Нилин;0;0;0;;0;0;0;0;0;1;0;0;1;0;0;0;0;0;0;0;0;0;;0;0;0;0;0;1;1;1;2;2;2;2;2;2;2;2;2;2;
Байтов Николай;0;0;0;;0;0;0;0;0;0;1;1;0;0;0;0;0;0;0;0;0;0;;0;0;0;0;0;0;1;2;2;2;2;2;2;2;2;2;2;2;
Кононов Николай;0;0;0;;0;0;0;0;0;0;1;0;0;0;0;0;0;1;0;0;0;0;;0;0;0;0;0;0;1;1;1;1;1;1;1;2;2;2;2;2;
Никитин Алексей;0;0;0;;0;0;0;0;0;0;1;0;0;0;1;0;0;0;0;0;0;0;;0;0;0;0;0;0;1;1;1;1;2;2;2;2;2;2;2;2;
Чижова Елена;0;0;0;;0;0;0;0;0;0;1;0;0;0;0;0;0;1;0;0;0;0;;0;0;0;0;0;0;1;1;1;1;1;1;1;2;2;2;2;2;
Березин Владимир;0;0;0;;0;0;0;0;0;0;0;1;1;0;0;0;0;0;0;0;0;0;;0;0;0;0;0;0;0;1;2;2;2;2;2;2;2;2;2;2;
Иванов Андрей;0;0;0;;0;0;0;0;0;0;0;0;1;0;0;0;0;1;0;0;0;0;;0;0;0;0;0;0;0;0;1;1;1;1;1;2;2;2;2;2;
Шмараков Роман;0;0;0;;0;0;0;0;0;0;0;0;1;0;0;0;0;0;0;1;0;0;;0;0;0;0;0;0;0;0;1;1;1;1;1;1;1;2;2;2;
Драгунская Ксения;0;0;0;;0;0;0;0;0;0;0;0;0;0;0;1;0;0;0;1;0;0;;0;0;0;0;0;0;0;0;0;0;0;1;1;1;1;2;2;2;
Козлова Анна;0;0;0;;0;0;0;0;0;0;0;0;0;0;0;1;0;1;0;0;0;0;;0;0;0;0;0;0;0;0;0;0;0;1;1;2;2;2;2;2;
Александр Бушковский;0;0;0;;0;0;0;0;0;0;0;0;0;0;0;0;0;1;0;0;0;1;;0;0;0;0;0;0;0;0;0;0;0;0;0;1;1;1;1;2;
Булат Ханов;0;0;0;;0;0;0;0;0;0;0;0;0;0;0;0;0;1;0;1;0;0;;0;0;0;0;0;0;0;0;0;0;0;0;0;1;1;2;2;2;
Мария Бурас;0;0;0;;0;0;0;0;0;0;0;0;0;0;0;0;0;0;1;0;1;0;;0;0;0;0;0;0;0;0;0;0;0;0;0;0;1;1;2;2;
Георгий Панкратов;0;0;0;;0;0;0;0;0;0;0;0;0;0;0;0;0;0;1;0;1;0;;0;0;0;0;0;0;0;0;0;0;0;0;0;0;1;1;2;2;
Кирилл Рябов;0;0;0;;0;0;0;0;0;0;0;0;0;0;0;0;0;0;1;0;0;1;;0;0;0;0;0;0;0;0;0;0;0;0;0;0;1;1;1;2;
Вера Богданова;0;0;0;;0;0;0;0;0;0;0;0;0;0;0;0;0;0;0;1;1;0;;0;0;0;0;0;0;0;0;0;0;0;0;0;0;0;1;2;2;
Алла Горбунова;0;0;0;;0;0;0;0;0;0;0;0;0;0;0;0;0;0;0;1;1;0;;0;0;0;0;0;0;0;0;0;0;0;0;0;0;0;1;2;2;
Михаил Гундарин;0;0;0;;0;0;0;0;0;0;0;0;0;0;0;0;0;0;0;0;1;1;;0;0;0;0;0;0;0;0;0;0;0;0;0;0;0;0;1;2;
Владимир Алейников;0;0;0;;1;0;0;0;0;0;0;0;0;0;0;0;0;0;0;0;0;0;;1;1;1;1;1;1;1;1;1;1;1;1;1;1;1;1;1;1;
Лев Аннинский;0;0;0;;1;0;0;0;0;0;0;0;0;0;0;0;0;0;0;0;0;0;;1;1;1;1;1;1;1;1;1;1;1;1;1;1;1;1;1;1;
Елена Арманд;0;0;0;;1;0;0;0;0;0;0;0;0;0;0;0;0;0;0;0;0;0;;1;1;1;1;1;1;1;1;1;1;1;1;1;1;1;1;1;1;
Бибиш;0;0;0;;1;0;0;0;0;0;0;0;0;0;0;0;0;0;0;0;0;0;;1;1;1;1;1;1;1;1;1;1;1;1;1;1;1;1;1;1;
Валентин Воробьев;0;0;0;;1;0;0;0;0;0;0;0;0;0;0;0;0;0;0;0;0;0;;1;1;1;1;1;1;1;1;1;1;1;1;1;1;1;1;1;1;
Борис Гайдук;0;0;0;;1;0;0;0;0;0;0;0;0;0;0;0;0;0;0;0;0;0;;1;1;1;1;1;1;1;1;1;1;1;1;1;1;1;1;1;1;
Александр Давыдов;0;0;0;;1;0;0;0;0;0;0;0;0;0;0;0;0;0;0;0;0;0;;1;1;1;1;1;1;1;1;1;1;1;1;1;1;1;1;1;1;
Сергей Есин;0;0;0;;1;0;0;0;0;0;0;0;0;0;0;0;0;0;0;0;0;0;;1;1;1;1;1;1;1;1;1;1;1;1;1;1;1;1;1;1;
Юрий Козлов;0;0;0;;1;0;0;0;0;0;0;0;0;0;0;0;0;0;0;0;0;0;;1;1;1;1;1;1;1;1;1;1;1;1;1;1;1;1;1;1;
Альфред Кох;0;0;0;;1;0;0;0;0;0;0;0;0;0;0;0;0;0;0;0;0;0;;1;1;1;1;1;1;1;1;1;1;1;1;1;1;1;1;1;1;
Владимир Липовецкий;0;0;0;;1;0;0;0;0;0;0;0;0;0;0;0;0;0;0;0;0;0;;1;1;1;1;1;1;1;1;1;1;1;1;1;1;1;1;1;1;
Инна Лиснянская;0;0;0;;1;0;0;0;0;0;0;0;0;0;0;0;0;0;0;0;0;0;;1;1;1;1;1;1;1;1;1;1;1;1;1;1;1;1;1;1;
Юрий Мамлеев;0;0;0;;1;0;0;0;0;0;0;0;0;0;0;0;0;0;0;0;0;0;;1;1;1;1;1;1;1;1;1;1;1;1;1;1;1;1;1;1;
Владимир Микушевич;0;0;0;;1;0;0;0;0;0;0;0;0;0;0;0;0;0;0;0;0;0;;1;1;1;1;1;1;1;1;1;1;1;1;1;1;1;1;1;1;
Захар Оскотский;0;0;0;;1;0;0;0;0;0;0;0;0;0;0;0;0;0;0;0;0;0;;1;1;1;1;1;1;1;1;1;1;1;1;1;1;1;1;1;1;
Юрий Поляков;0;0;0;;1;0;0;0;0;0;0;0;0;0;0;0;0;0;0;0;0;0;;1;1;1;1;1;1;1;1;1;1;1;1;1;1;1;1;1;1;
Дмитрий Пригов;0;0;0;;1;0;0;0;0;0;0;0;0;0;0;0;0;0;0;0;0;0;;1;1;1;1;1;1;1;1;1;1;1;1;1;1;1;1;1;1;
Анатолий Приставкин;0;0;0;;1;0;0;0;0;0;0;0;0;0;0;0;0;0;0;0;0;0;;1;1;1;1;1;1;1;1;1;1;1;1;1;1;1;1;1;1;
Александр Проханов;0;0;0;;1;0;0;0;0;0;0;0;0;0;0;0;0;0;0;0;0;0;;1;1;1;1;1;1;1;1;1;1;1;1;1;1;1;1;1;1;
Вячеслав Репин;0;0;0;;1;0;0;0;0;0;0;0;0;0;0;0;0;0;0;0;0;0;;1;1;1;1;1;1;1;1;1;1;1;1;1;1;1;1;1;1;
Роман Солнцев;0;0;0;;1;0;0;0;0;0;0;0;0;0;0;0;0;0;0;0;0;0;;1;1;1;1;1;1;1;1;1;1;1;1;1;1;1;1;1;1;
Игорь Тарасевич;0;0;0;;1;0;0;0;0;0;0;0;0;0;0;0;0;0;0;0;0;0;;1;1;1;1;1;1;1;1;1;1;1;1;1;1;1;1;1;1;
Марина Тарковская;0;0;0;;1;0;0;0;0;0;0;0;0;0;0;0;0;0;0;0;0;0;;1;1;1;1;1;1;1;1;1;1;1;1;1;1;1;1;1;1;
Ольга Трифонова;0;0;0;;1;0;0;0;0;0;0;0;0;0;0;0;0;0;0;0;0;0;;1;1;1;1;1;1;1;1;1;1;1;1;1;1;1;1;1;1;
Федор Устюжанин;0;0;0;;1;0;0;0;0;0;0;0;0;0;0;0;0;0;0;0;0;0;;1;1;1;1;1;1;1;1;1;1;1;1;1;1;1;1;1;1;
Михаил Холмогоров;0;0;0;;1;0;0;0;0;0;0;0;0;0;0;0;0;0;0;0;0;0;;1;1;1;1;1;1;1;1;1;1;1;1;1;1;1;1;1;1;
Елена Чудинова;0;0;0;;1;0;0;0;0;0;0;0;0;0;0;0;0;0;0;0;0;0;;1;1;1;1;1;1;1;1;1;1;1;1;1;1;1;1;1;1;
Глеб Соколов;0;0;0;;1;0;0;0;0;0;0;0;0;0;0;0;0;0;0;0;0;0;;1;1;1;1;1;1;1;1;1;1;1;1;1;1;1;1;1;1;
Светлана Шенбрунн;0;0;0;;1;0;0;0;0;0;0;0;0;0;0;0;0;0;0;0;0;0;;1;1;1;1;1;1;1;1;1;1;1;1;1;1;1;1;1;1;
Роман Парисов;0;0;0;;1;0;0;0;0;0;0;0;0;0;0;0;0;0;0;0;0;0;;1;1;1;1;1;1;1;1;1;1;1;1;1;1;1;1;1;1;
Александр Рекемчук;0;0;0;;1;0;0;0;0;0;0;0;0;0;0;0;0;0;0;0;0;0;;1;1;1;1;1;1;1;1;1;1;1;1;1;1;1;1;1;1;
Вячеслав Куприянов;0;0;0;;1;0;0;0;0;0;0;0;0;0;0;0;0;0;0;0;0;0;;1;1;1;1;1;1;1;1;1;1;1;1;1;1;1;1;1;1;
Валерий Клячин;0;0;0;;1;0;0;0;0;0;0;0;0;0;0;0;0;0;0;0;0;0;;1;1;1;1;1;1;1;1;1;1;1;1;1;1;1;1;1;1;
Олег Чилап;0;0;0;;1;0;0;0;0;0;0;0;0;0;0;0;0;0;0;0;0;0;;1;1;1;1;1;1;1;1;1;1;1;1;1;1;1;1;1;1;
Владимир Беккер;0;0;0;;1;0;0;0;0;0;0;0;0;0;0;0;0;0;0;0;0;0;;1;1;1;1;1;1;1;1;1;1;1;1;1;1;1;1;1;1;
Дмитрий Липскеров;0;0;0;;1;0;0;0;0;0;0;0;0;0;0;0;0;0;0;0;0;0;;1;1;1;1;1;1;1;1;1;1;1;1;1;1;1;1;1;1;
Чингиз Айтматов;0;0;0;;0;1;0;0;0;0;0;0;0;0;0;0;0;0;0;0;0;0;;0;1;1;1;1;1;1;1;1;1;1;1;1;1;1;1;1;1;
Мария Арбатова;0;0;0;;0;1;0;0;0;0;0;0;0;0;0;0;0;0;0;0;0;0;;0;1;1;1;1;1;1;1;1;1;1;1;1;1;1;1;1;1;
Александр Астраханцев;0;0;0;;0;1;0;0;0;0;0;0;0;0;0;0;0;0;0;0;0;0;;0;1;1;1;1;1;1;1;1;1;1;1;1;1;1;1;1;1;
Вера Афанасьева;0;0;0;;0;1;0;0;0;0;0;0;0;0;0;0;0;0;0;0;0;0;;0;1;1;1;1;1;1;1;1;1;1;1;1;1;1;1;1;1;
Олег Дивов;0;0;0;;0;1;0;0;0;0;0;0;0;0;0;0;0;0;0;0;0;0;;0;1;1;1;1;1;1;1;1;1;1;1;1;1;1;1;1;1;
Светлана Дильдина;0;0;0;;0;1;0;0;0;0;0;0;0;0;0;0;0;0;0;0;0;0;;0;1;1;1;1;1;1;1;1;1;1;1;1;1;1;1;1;1;
Александра Маринина;0;0;0;;0;1;0;0;0;0;0;0;0;0;0;0;0;0;0;0;0;0;;0;1;1;1;1;1;1;1;1;1;1;1;1;1;1;1;1;1;
Новелла Матвеева;0;0;0;;0;1;0;0;0;0;0;0;0;0;0;0;0;0;0;0;0;0;;0;1;1;1;1;1;1;1;1;1;1;1;1;1;1;1;1;1;
Виталий Морозов;0;0;0;;0;1;0;0;0;0;0;0;0;0;0;0;0;0;0;0;0;0;;0;1;1;1;1;1;1;1;1;1;1;1;1;1;1;1;1;1;
Александр Секацкий;0;0;0;;0;1;0;0;0;0;0;0;0;0;0;0;0;0;0;0;0;0;;0;1;1;1;1;1;1;1;1;1;1;1;1;1;1;1;1;1;
Михаил Сельдемешев;0;0;0;;0;1;0;0;0;0;0;0;0;0;0;0;0;0;0;0;0;0;;0;1;1;1;1;1;1;1;1;1;1;1;1;1;1;1;1;1;
Наталья Суханова;0;0;0;;0;1;0;0;0;0;0;0;0;0;0;0;0;0;0;0;0;0;;0;1;1;1;1;1;1;1;1;1;1;1;1;1;1;1;1;1;
Алекс Тарн;0;0;0;;0;1;0;0;0;0;0;0;0;0;0;0;0;0;0;0;0;0;;0;1;1;1;1;1;1;1;1;1;1;1;1;1;1;1;1;1;
Николай Шадрин;0;0;0;;0;1;0;0;0;0;0;0;0;0;0;0;0;0;0;0;0;0;;0;1;1;1;1;1;1;1;1;1;1;1;1;1;1;1;1;1;
Евгений Шишкин;0;0;0;;0;1;0;0;0;0;0;0;0;0;0;0;0;0;0;0;0;0;;0;1;1;1;1;1;1;1;1;1;1;1;1;1;1;1;1;1;
Владимир Мощенко;0;0;0;;0;1;0;0;0;0;0;0;0;0;0;0;0;0;0;0;0;0;;0;1;1;1;1;1;1;1;1;1;1;1;1;1;1;1;1;1;
Игорь Алексеев;0;0;0;;0;1;0;0;0;0;0;0;0;0;0;0;0;0;0;0;0;0;;0;1;1;1;1;1;1;1;1;1;1;1;1;1;1;1;1;1;
Артур Таболов;0;0;0;;0;1;0;0;0;0;0;0;0;0;0;0;0;0;0;0;0;0;;0;1;1;1;1;1;1;1;1;1;1;1;1;1;1;1;1;1;
Ольга Арефьева;0;0;0;;0;0;1;0;0;0;0;0;0;0;0;0;0;0;0;0;0;0;;0;0;1;1;1;1;1;1;1;1;1;1;1;1;1;1;1;1;
Владимир Бараев;0;0;0;;0;0;1;0;0;0;0;0;0;0;0;0;0;0;0;0;0;0;;0;0;1;1;1;1;1;1;1;1;1;1;1;1;1;1;1;1;
Антон Борисов;0;0;0;;0;0;1;0;0;0;0;0;0;0;0;0;0;0;0;0;0;0;;0;0;1;1;1;1;1;1;1;1;1;1;1;1;1;1;1;1;
Оксана Бутузова;0;0;0;;0;0;1;0;0;0;0;0;0;0;0;0;0;0;0;0;0;0;;0;0;1;1;1;1;1;1;1;1;1;1;1;1;1;1;1;1;
Юрий Вяземский;0;0;0;;0;0;1;0;0;0;0;0;0;0;0;0;0;0;0;0;0;0;;0;0;1;1;1;1;1;1;1;1;1;1;1;1;1;1;1;1;
Михаил Голубков;0;0;0;;0;0;1;0;0;0;0;0;0;0;0;0;0;0;0;0;0;0;;0;0;1;1;1;1;1;1;1;1;1;1;1;1;1;1;1;1;
Мария Елиферова;0;0;0;;0;0;1;0;0;0;0;0;0;0;0;0;0;0;0;0;0;0;;0;0;1;1;1;1;1;1;1;1;1;1;1;1;1;1;1;1;
Андрей Ильенков;0;0;0;;0;0;1;0;0;0;0;0;0;0;0;0;0;0;0;0;0;0;;0;0;1;1;1;1;1;1;1;1;1;1;1;1;1;1;1;1;
Григорий Канович;0;0;0;;0;0;1;0;0;0;0;0;0;0;0;0;0;0;0;0;0;0;;0;0;1;1;1;1;1;1;1;1;1;1;1;1;1;1;1;1;
Юрий Красавин;0;0;0;;0;0;1;0;0;0;0;0;0;0;0;0;0;0;0;0;0;0;;0;0;1;1;1;1;1;1;1;1;1;1;1;1;1;1;1;1;
Наталья Сорбатская;0;0;0;;0;0;1;0;0;0;0;0;0;0;0;0;0;0;0;0;0;0;;0;0;1;1;1;1;1;1;1;1;1;1;1;1;1;1;1;1;
Леонид Тишков;0;0;0;;0;0;1;0;0;0;0;0;0;0;0;0;0;0;0;0;0;0;;0;0;1;1;1;1;1;1;1;1;1;1;1;1;1;1;1;1;
Андрей Тургенев;0;0;0;;0;0;1;0;0;0;0;0;0;0;0;0;0;0;0;0;0;0;;0;0;1;1;1;1;1;1;1;1;1;1;1;1;1;1;1;1;
Александр Хургин;0;0;0;;0;0;1;0;0;0;0;0;0;0;0;0;0;0;0;0;0;0;;0;0;1;1;1;1;1;1;1;1;1;1;1;1;1;1;1;1;
Виталий Шенталинский;0;0;0;;0;0;1;0;0;0;0;0;0;0;0;0;0;0;0;0;0;0;;0;0;1;1;1;1;1;1;1;1;1;1;1;1;1;1;1;1;
Татьяна Щеглова;0;0;0;;0;0;1;0;0;0;0;0;0;0;0;0;0;0;0;0;0;0;;0;0;1;1;1;1;1;1;1;1;1;1;1;1;1;1;1;1;
Евгений Даниленко;0;0;0;;0;0;1;0;0;0;0;0;0;0;0;0;0;0;0;0;0;0;;0;0;1;1;1;1;1;1;1;1;1;1;1;1;1;1;1;1;
Ильдар Абузяров;0;0;0;;0;0;0;1;0;0;0;0;0;0;0;0;0;0;0;0;0;0;;0;0;0;1;1;1;1;1;1;1;1;1;1;1;1;1;1;1;
Олег Глушкин;0;0;0;;0;0;0;1;0;0;0;0;0;0;0;0;0;0;0;0;0;0;;0;0;0;1;1;1;1;1;1;1;1;1;1;1;1;1;1;1;
Владимир Елистратов;0;0;0;;0;0;0;1;0;0;0;0;0;0;0;0;0;0;0;0;0;0;;0;0;0;1;1;1;1;1;1;1;1;1;1;1;1;1;1;1;
Сергей Костырко;0;0;0;;0;0;0;1;0;0;0;0;0;0;0;0;0;0;0;0;0;0;;0;0;0;1;1;1;1;1;1;1;1;1;1;1;1;1;1;1;
Демьян Кудрявцев;0;0;0;;0;0;0;1;0;0;0;0;0;0;0;0;0;0;0;0;0;0;;0;0;0;1;1;1;1;1;1;1;1;1;1;1;1;1;1;1;
Егор Молданов;0;0;0;;0;0;0;1;0;0;0;0;0;0;0;0;0;0;0;0;0;0;;0;0;0;1;1;1;1;1;1;1;1;1;1;1;1;1;1;1;
Юнна Мориц;0;0;0;;0;0;0;1;0;0;0;0;0;0;0;0;0;0;0;0;0;0;;0;0;0;1;1;1;1;1;1;1;1;1;1;1;1;1;1;1;
Ирина Муравьева;0;0;0;;0;0;0;1;0;0;0;0;0;0;0;0;0;0;0;0;0;0;;0;0;0;1;1;1;1;1;1;1;1;1;1;1;1;1;1;1;
Эйтан Финкельштейн;0;0;0;;0;0;0;1;0;0;0;0;0;0;0;0;0;0;0;0;0;0;;0;0;0;1;1;1;1;1;1;1;1;1;1;1;1;1;1;1;
Сергей Юрский;0;0;0;;0;0;0;1;0;0;0;0;0;0;0;0;0;0;0;0;0;0;;0;0;0;1;1;1;1;1;1;1;1;1;1;1;1;1;1;1;
Ирина Горюнова;0;0;0;;0;0;0;1;0;0;0;0;0;0;0;0;0;0;0;0;0;0;;0;0;0;1;1;1;1;1;1;1;1;1;1;1;1;1;1;1;
Еремей Айпин;0;0;0;;0;0;0;0;1;0;0;0;0;0;0;0;0;0;0;0;0;0;;0;0;0;0;1;1;1;1;1;1;1;1;1;1;1;1;1;1;
Бахыт Кенжеев;0;0;0;;0;0;0;0;1;0;0;0;0;0;0;0;0;0;0;0;0;0;;0;0;0;0;1;1;1;1;1;1;1;1;1;1;1;1;1;1;
Игорь Клех;0;0;0;;0;0;0;0;1;0;0;0;0;0;0;0;0;0;0;0;0;0;;0;0;0;0;1;1;1;1;1;1;1;1;1;1;1;1;1;1;
Эдуард Кочергин;0;0;0;;0;0;0;0;1;0;0;0;0;0;0;0;0;0;0;0;0;0;;0;0;0;0;1;1;1;1;1;1;1;1;1;1;1;1;1;1;
Александр Нежный;0;0;0;;0;0;0;0;1;0;0;0;0;0;0;0;0;0;0;0;0;0;;0;0;0;0;1;1;1;1;1;1;1;1;1;1;1;1;1;1;
Алексей Поликовский;0;0;0;;0;0;0;0;1;0;0;0;0;0;0;0;0;0;0;0;0;0;;0;0;0;0;1;1;1;1;1;1;1;1;1;1;1;1;1;1;
Антон Уткин;0;0;0;;0;0;0;0;1;0;0;0;0;0;0;0;0;0;0;0;0;0;;0;0;0;0;1;1;1;1;1;1;1;1;1;1;1;1;1;1;
Любовь Юргенсон;0;0;0;;0;0;0;0;1;0;0;0;0;0;0;0;0;0;0;0;0;0;;0;0;0;0;1;1;1;1;1;1;1;1;1;1;1;1;1;1;
Ирена Полторак;0;0;0;;0;0;0;0;1;0;0;0;0;0;0;0;0;0;0;0;0;0;;0;0;0;0;1;1;1;1;1;1;1;1;1;1;1;1;1;1;
Дмитрий Лычковский;0;0;0;;0;0;0;0;1;0;0;0;0;0;0;0;0;0;0;0;0;0;;0;0;0;0;1;1;1;1;1;1;1;1;1;1;1;1;1;1;
Валентин Добрынин;0;0;0;;0;0;0;0;1;0;0;0;0;0;0;0;0;0;0;0;0;0;;0;0;0;0;1;1;1;1;1;1;1;1;1;1;1;1;1;1;
Андрей Матвеев;0;0;0;;0;0;0;0;1;0;0;0;0;0;0;0;0;0;0;0;0;0;;0;0;0;0;1;1;1;1;1;1;1;1;1;1;1;1;1;1;
Каринэ Арутюнова;0;0;0;;0;0;0;0;0;1;0;0;0;0;0;0;0;0;0;0;0;0;;0;0;0;0;0;1;1;1;1;1;1;1;1;1;1;1;1;1;
Наталья Ключарева;0;0;0;;0;0;0;0;0;1;0;0;0;0;0;0;0;0;0;0;0;0;;0;0;0;0;0;1;1;1;1;1;1;1;1;1;1;1;1;1;
Дмитрий Колодан;0;0;0;;0;0;0;0;0;1;0;0;0;0;0;0;0;0;0;0;0;0;;0;0;0;0;0;1;1;1;1;1;1;1;1;1;1;1;1;1;
Владимир Новиков;0;0;0;;0;0;0;0;0;1;0;0;0;0;0;0;0;0;0;0;0;0;;0;0;0;0;0;1;1;1;1;1;1;1;1;1;1;1;1;1;
Денис Осокин;0;0;0;;0;0;0;0;0;1;0;0;0;0;0;0;0;0;0;0;0;0;;0;0;0;0;0;1;1;1;1;1;1;1;1;1;1;1;1;1;
Тим Скоренко;0;0;0;;0;0;0;0;0;1;0;0;0;0;0;0;0;0;0;0;0;0;;0;0;0;0;0;1;1;1;1;1;1;1;1;1;1;1;1;1;
Наталия Соколовская;0;0;0;;0;0;0;0;0;1;0;0;0;0;0;0;0;0;0;0;0;0;;0;0;0;0;0;1;1;1;1;1;1;1;1;1;1;1;1;1;
Дмитрий Тростников;0;0;0;;0;0;0;0;0;1;0;0;0;0;0;0;0;0;0;0;0;0;;0;0;0;0;0;1;1;1;1;1;1;1;1;1;1;1;1;1;
Максим Чертанов;0;0;0;;0;0;0;0;0;1;0;0;0;0;0;0;0;0;0;0;0;0;;0;0;0;0;0;1;1;1;1;1;1;1;1;1;1;1;1;1;
Бабиков Андрей;0;0;0;;0;0;0;0;0;0;1;0;0;0;0;0;0;0;0;0;0;0;;0;0;0;0;0;0;1;1;1;1;1;1;1;1;1;1;1;1;
Генкин Валерий;0;0;0;;0;0;0;0;0;0;1;0;0;0;0;0;0;0;0;0;0;0;;0;0;0;0;0;0;1;1;1;1;1;1;1;1;1;1;1;1;
Гуров Михаил;0;0;0;;0;0;0;0;0;0;1;0;0;0;0;0;0;0;0;0;0;0;;0;0;0;0;0;0;1;1;1;1;1;1;1;1;1;1;1;1;
Кукушкин Александр;0;0;0;;0;0;0;0;0;0;1;0;0;0;0;0;0;0;0;0;0;0;;0;0;0;0;0;0;1;1;1;1;1;1;1;1;1;1;1;1;
Давыдов Георгий;0;0;0;;0;0;0;0;0;0;1;0;0;0;0;0;0;0;0;0;0;0;;0;0;0;0;0;0;1;1;1;1;1;1;1;1;1;1;1;1;
Демидов Вадим;0;0;0;;0;0;0;0;0;0;1;0;0;0;0;0;0;0;0;0;0;0;;0;0;0;0;0;0;1;1;1;1;1;1;1;1;1;1;1;1;
Измайлов Наиль;0;0;0;;0;0;0;0;0;0;1;0;0;0;0;0;0;0;0;0;0;0;;0;0;0;0;0;0;1;1;1;1;1;1;1;1;1;1;1;1;
Каковкин Григорий;0;0;0;;0;0;0;0;0;0;1;0;0;0;0;0;0;0;0;0;0;0;;0;0;0;0;0;0;1;1;1;1;1;1;1;1;1;1;1;1;
Кисина Юлия;0;0;0;;0;0;0;0;0;0;1;0;0;0;0;0;0;0;0;0;0;0;;0;0;0;0;0;0;1;1;1;1;1;1;1;1;1;1;1;1;
Кожурин Кирилл;0;0;0;;0;0;0;0;0;0;1;0;0;0;0;0;0;0;0;0;0;0;;0;0;0;0;0;0;1;1;1;1;1;1;1;1;1;1;1;1;
Кондырев Виктор;0;0;0;;0;0;0;0;0;0;1;0;0;0;0;0;0;0;0;0;0;0;;0;0;0;0;0;0;1;1;1;1;1;1;1;1;1;1;1;1;
Кубатиев Алан;0;0;0;;0;0;0;0;0;0;1;0;0;0;0;0;0;0;0;0;0;0;;0;0;0;0;0;0;1;1;1;1;1;1;1;1;1;1;1;1;
Степанов Андрей;0;0;0;;0;0;0;0;0;0;1;0;0;0;0;0;0;0;0;0;0;0;;0;0;0;0;0;0;1;1;1;1;1;1;1;1;1;1;1;1;
Рафеенко Владимир;0;0;0;;0;0;0;0;0;0;1;0;0;0;0;0;0;0;0;0;0;0;;0;0;0;0;0;0;1;1;1;1;1;1;1;1;1;1;1;1;
Рясов Анатолий;0;0;0;;0;0;0;0;0;0;1;0;0;0;0;0;0;0;0;0;0;0;;0;0;0;0;0;0;1;1;1;1;1;1;1;1;1;1;1;1;
Сокуров Александр;0;0;0;;0;0;0;0;0;0;1;0;0;0;0;0;0;0;0;0;0;0;;0;0;0;0;0;0;1;1;1;1;1;1;1;1;1;1;1;1;
Файн Александр;0;0;0;;0;0;0;0;0;0;1;0;0;0;0;0;0;0;0;0;0;0;;0;0;0;0;0;0;1;1;1;1;1;1;1;1;1;1;1;1;
Фигль-Мигль;0;0;0;;0;0;0;0;0;0;1;0;0;0;0;0;0;0;0;0;0;0;;0;0;0;0;0;0;1;1;1;1;1;1;1;1;1;1;1;1;
Гордин Яков;0;0;0;;0;0;0;0;0;0;0;1;0;0;0;0;0;0;0;0;0;0;;0;0;0;0;0;0;0;1;1;1;1;1;1;1;1;1;1;1;
Дубнова Мария;0;0;0;;0;0;0;0;0;0;0;1;0;0;0;0;0;0;0;0;0;0;;0;0;0;0;0;0;0;1;1;1;1;1;1;1;1;1;1;1;
Есипов Валерий;0;0;0;;0;0;0;0;0;0;0;1;0;0;0;0;0;0;0;0;0;0;;0;0;0;0;0;0;0;1;1;1;1;1;1;1;1;1;1;1;
Макарова Елена;0;0;0;;0;0;0;0;0;0;0;1;0;0;0;0;0;0;0;0;0;0;;0;0;0;0;0;0;0;1;1;1;1;1;1;1;1;1;1;1;
Моторов Алексей;0;0;0;;0;0;0;0;0;0;0;1;0;0;0;0;0;0;0;0;0;0;;0;0;0;0;0;0;0;1;1;1;1;1;1;1;1;1;1;1;
Муравьева Надежда;0;0;0;;0;0;0;0;0;0;0;1;0;0;0;0;0;0;0;0;0;0;;0;0;0;0;0;0;0;1;1;1;1;1;1;1;1;1;1;1;
Николаева Олеся;0;0;0;;0;0;0;0;0;0;0;1;0;0;0;0;0;0;0;0;0;0;;0;0;0;0;0;0;0;1;1;1;1;1;1;1;1;1;1;1;
Роднина Ирина;0;0;0;;0;0;0;0;0;0;0;1;0;0;0;0;0;0;0;0;0;0;;0;0;0;0;0;0;0;1;1;1;1;1;1;1;1;1;1;1;
Сафиев Надир;0;0;0;;0;0;0;0;0;0;0;1;0;0;0;0;0;0;0;0;0;0;;0;0;0;0;0;0;0;1;1;1;1;1;1;1;1;1;1;1;
Сулес Евгений;0;0;0;;0;0;0;0;0;0;0;1;0;0;0;0;0;0;0;0;0;0;;0;0;0;0;0;0;0;1;1;1;1;1;1;1;1;1;1;1;
Шерга Екатерина;0;0;0;;0;0;0;0;0;0;0;1;0;0;0;0;0;0;0;0;0;0;;0;0;0;0;0;0;0;1;1;1;1;1;1;1;1;1;1;1;
Зайцев Данила;0;0;0;;0;0;0;0;0;0;0;0;1;0;0;0;0;0;0;0;0;0;;0;0;0;0;0;0;0;0;1;1;1;1;1;1;1;1;1;1;
Костюкович Елена;0;0;0;;0;0;0;0;0;0;0;0;1;0;0;0;0;0;0;0;0;0;;0;0;0;0;0;0;0;0;1;1;1;1;1;1;1;1;1;1;
Мартынов Владимир;0;0;0;;0;0;0;0;0;0;0;0;1;0;0;0;0;0;0;0;0;0;;0;0;0;0;0;0;0;0;1;1;1;1;1;1;1;1;1;1;
Милославский Юрий;0;0;0;;0;0;0;0;0;0;0;0;1;0;0;0;0;0;0;0;0;0;;0;0;0;0;0;0;0;0;1;1;1;1;1;1;1;1;1;1;
Подрабинек Александр;0;0;0;;0;0;0;0;0;0;0;0;1;0;0;0;0;0;0;0;0;0;;0;0;0;0;0;0;0;0;1;1;1;1;1;1;1;1;1;1;
Ропшинов Владимир;0;0;0;;0;0;0;0;0;0;0;0;1;0;0;0;0;0;0;0;0;0;;0;0;0;0;0;0;0;0;1;1;1;1;1;1;1;1;1;1;
Шайтанов Игорь;0;0;0;;0;0;0;0;0;0;0;0;1;0;0;0;0;0;0;0;0;0;;0;0;0;0;0;0;0;0;1;1;1;1;1;1;1;1;1;1;
Бочоришвили Елена;0;0;0;;0;0;0;0;0;0;0;0;0;1;0;0;0;0;0;0;0;0;;0;0;0;0;0;0;0;0;0;1;1;1;1;1;1;1;1;1;
Лимонов Эдуард;0;0;0;;0;0;0;0;0;0;0;0;0;1;0;0;0;0;0;0;0;0;;0;0;0;0;0;0;0;0;0;1;1;1;1;1;1;1;1;1;
Москвина Татьяна;0;0;0;;0;0;0;0;0;0;0;0;0;1;0;0;0;0;0;0;0;0;;0;0;0;0;0;0;0;0;0;1;1;1;1;1;1;1;1;1;
Мягкова Ирина;0;0;0;;0;0;0;0;0;0;0;0;0;1;0;0;0;0;0;0;0;0;;0;0;0;0;0;0;0;0;0;1;1;1;1;1;1;1;1;1;
Шеваров Дмитрий;0;0;0;;0;0;0;0;0;0;0;0;0;1;0;0;0;0;0;0;0;0;;0;0;0;0;0;0;0;0;0;1;1;1;1;1;1;1;1;1;
Шпаков Владимир;0;0;0;;0;0;0;0;0;0;0;0;0;1;0;0;0;0;0;0;0;0;;0;0;0;0;0;0;0;0;0;1;1;1;1;1;1;1;1;1;
Бердичевская Анна;0;0;0;;0;0;0;0;0;0;0;0;0;0;1;0;0;0;0;0;0;0;;0;0;0;0;0;0;0;0;0;0;1;1;1;1;1;1;1;1;
Квирикадзе Ираклий;0;0;0;;0;0;0;0;0;0;0;0;0;0;1;0;0;0;0;0;0;0;;0;0;0;0;0;0;0;0;0;0;1;1;1;1;1;1;1;1;
Окунь Саша;0;0;0;;0;0;0;0;0;0;0;0;0;0;1;0;0;0;0;0;0;0;;0;0;0;0;0;0;0;0;0;0;1;1;1;1;1;1;1;1;
Савельев Игорь;0;0;0;;0;0;0;0;0;0;0;0;0;0;1;0;0;0;0;0;0;0;;0;0;0;0;0;0;0;0;0;0;1;1;1;1;1;1;1;1;
Хазин Валерий;0;0;0;;0;0;0;0;0;0;0;0;0;0;1;0;0;0;0;0;0;0;;0;0;0;0;0;0;0;0;0;0;1;1;1;1;1;1;1;1;
Черных Наталия;0;0;0;;0;0;0;0;0;0;0;0;0;0;1;0;0;0;0;0;0;0;;0;0;0;0;0;0;0;0;0;0;1;1;1;1;1;1;1;1;
Шапко Владимир;0;0;0;;0;0;0;0;0;0;0;0;0;0;1;0;0;0;0;0;0;0;;0;0;0;0;0;0;0;0;0;0;1;1;1;1;1;1;1;1;
Авилов Сергей;0;0;0;;0;0;0;0;0;0;0;0;0;0;0;1;0;0;0;0;0;0;;0;0;0;0;0;0;0;0;0;0;0;1;1;1;1;1;1;1;
Брейнингер Ольга;0;0;0;;0;0;0;0;0;0;0;0;0;0;0;1;0;0;0;0;0;0;;0;0;0;0;0;0;0;0;0;0;0;1;1;1;1;1;1;1;
Генис Александр;0;0;0;;0;0;0;0;0;0;0;0;0;0;0;1;0;0;0;0;0;0;;0;0;0;0;0;0;0;0;0;0;0;1;1;1;1;1;1;1;
Кравченко Владимир;0;0;0;;0;0;0;0;0;0;0;0;0;0;0;1;0;0;0;0;0;0;;0;0;0;0;0;0;0;0;0;0;0;1;1;1;1;1;1;1;
Лебедева Виктория;0;0;0;;0;0;0;0;0;0;0;0;0;0;0;1;0;0;0;0;0;0;;0;0;0;0;0;0;0;0;0;0;0;1;1;1;1;1;1;1;
Петрова Александра;0;0;0;;0;0;0;0;0;0;0;0;0;0;0;1;0;0;0;0;0;0;;0;0;0;0;0;0;0;0;0;0;0;1;1;1;1;1;1;1;
Сотников Владимир;0;0;0;;0;0;0;0;0;0;0;0;0;0;0;1;0;0;0;0;0;0;;0;0;0;0;0;0;0;0;0;0;0;1;1;1;1;1;1;1;
Старобинец Анна;0;0;0;;0;0;0;0;0;0;0;0;0;0;0;1;0;0;0;0;0;0;;0;0;0;0;0;0;0;0;0;0;0;1;1;1;1;1;1;1;
Мария Ануфриева;0;0;0;;0;0;0;0;0;0;0;0;0;0;0;0;1;0;0;0;0;0;;0;0;0;0;0;0;0;0;0;0;0;0;1;1;1;1;1;1;
Владимир Аристов;0;0;0;;0;0;0;0;0;0;0;0;0;0;0;0;1;0;0;0;0;0;;0;0;0;0;0;0;0;0;0;0;0;0;1;1;1;1;1;1;
Дарья Бобылева;0;0;0;;0;0;0;0;0;0;0;0;0;0;0;0;1;0;0;0;0;0;;0;0;0;0;0;0;0;0;0;0;0;0;1;1;1;1;1;1;
Яна Вагнер;0;0;0;;0;0;0;0;0;0;0;0;0;0;0;0;1;0;0;0;0;0;;0;0;0;0;0;0;0;0;0;0;0;0;1;1;1;1;1;1;
Сана Валиулина;0;0;0;;0;0;0;0;0;0;0;0;0;0;0;0;1;0;0;0;0;0;;0;0;0;0;0;0;0;0;0;0;0;0;1;1;1;1;1;1;
Марина Вишневецкая;0;0;0;;0;0;0;0;0;0;0;0;0;0;0;0;1;0;0;0;0;0;;0;0;0;0;0;0;0;0;0;0;0;0;1;1;1;1;1;1;
Юлия Гурина;0;0;0;;0;0;0;0;0;0;0;0;0;0;0;0;1;0;0;0;0;0;;0;0;0;0;0;0;0;0;0;0;0;0;1;1;1;1;1;1;
Марина Кудимова;0;0;0;;0;0;0;0;0;0;0;0;0;0;0;0;1;0;0;0;0;0;;0;0;0;0;0;0;0;0;0;0;0;0;1;1;1;1;1;1;
Алексей Молчанов;0;0;0;;0;0;0;0;0;0;0;0;0;0;0;0;1;0;0;0;0;0;;0;0;0;0;0;0;0;0;0;0;0;0;1;1;1;1;1;1;
Константин Семенов;0;0;0;;0;0;0;0;0;0;0;0;0;0;0;0;1;0;0;0;0;0;;0;0;0;0;0;0;0;0;0;0;0;0;1;1;1;1;1;1;
Глеб Смирнов;0;0;0;;0;0;0;0;0;0;0;0;0;0;0;0;1;0;0;0;0;0;;0;0;0;0;0;0;0;0;0;0;0;0;1;1;1;1;1;1;
Инна Шульженко;0;0;0;;0;0;0;0;0;0;0;0;0;0;0;0;1;0;0;0;0;0;;0;0;0;0;0;0;0;0;0;0;0;0;1;1;1;1;1;1;
Марина Ахмедова;0;0;0;;0;0;0;0;0;0;0;0;0;0;0;0;0;1;0;0;0;0;;0;0;0;0;0;0;0;0;0;0;0;0;0;1;1;1;1;1;
Валерий Байдин;0;0;0;;0;0;0;0;0;0;0;0;0;0;0;0;0;1;0;0;0;0;;0;0;0;0;0;0;0;0;0;0;0;0;0;1;1;1;1;1;
Анаит Григорян;0;0;0;;0;0;0;0;0;0;0;0;0;0;0;0;0;1;0;0;0;0;;0;0;0;0;0;0;0;0;0;0;0;0;0;1;1;1;1;1;
Федор Грот;0;0;0;;0;0;0;0;0;0;0;0;0;0;0;0;0;1;0;0;0;0;;0;0;0;0;0;0;0;0;0;0;0;0;0;1;1;1;1;1;
Анна Клепикова;0;0;0;;0;0;0;0;0;0;0;0;0;0;0;0;0;1;0;0;0;0;;0;0;0;0;0;0;0;0;0;0;0;0;0;1;1;1;1;1;
Константин Куприянов;0;0;0;;0;0;0;0;0;0;0;0;0;0;0;0;0;1;0;0;0;0;;0;0;0;0;0;0;0;0;0;0;0;0;0;1;1;1;1;1;
Александр Ливергант;0;0;0;;0;0;0;0;0;0;0;0;0;0;0;0;0;1;0;0;0;0;;0;0;0;0;0;0;0;0;0;0;0;0;0;1;1;1;1;1;
Анна Немзер;0;0;0;;0;0;0;0;0;0;0;0;0;0;0;0;0;1;0;0;0;0;;0;0;0;0;0;0;0;0;0;0;0;0;0;1;1;1;1;1;
Александра Николаенко;0;0;0;;0;0;0;0;0;0;0;0;0;0;0;0;0;1;0;0;0;0;;0;0;0;0;0;0;0;0;0;0;0;0;0;1;1;1;1;1;
Чулпан Хаматова;0;0;0;;0;0;0;0;0;0;0;0;0;0;0;0;0;1;0;0;0;0;;0;0;0;0;0;0;0;0;0;0;0;0;0;1;1;1;1;1;
Катерина Гордеева;0;0;0;;0;0;0;0;0;0;0;0;0;0;0;0;0;1;0;0;0;0;;0;0;0;0;0;0;0;0;0;0;0;0;0;1;1;1;1;1;
Алла Хемлин;0;0;0;;0;0;0;0;0;0;0;0;0;0;0;0;0;1;0;0;0;0;;0;0;0;0;0;0;0;0;0;0;0;0;0;1;1;1;1;1;
Кирилл Кобрин;0;0;0;;0;0;0;0;0;0;0;0;0;0;0;0;0;0;1;0;0;0;;0;0;0;0;0;0;0;0;0;0;0;0;0;0;1;1;1;1;
Инга Кузнецова;0;0;0;;0;0;0;0;0;0;0;0;0;0;0;0;0;0;1;0;0;0;;0;0;0;0;0;0;0;0;0;0;0;0;0;0;1;1;1;1;
Виктор Мартинович;0;0;0;;0;0;0;0;0;0;0;0;0;0;0;0;0;0;1;0;0;0;;0;0;0;0;0;0;0;0;0;0;0;0;0;0;1;1;1;1;
Ольга Погодина-Кузмина;0;0;0;;0;0;0;0;0;0;0;0;0;0;0;0;0;0;1;0;0;0;;0;0;0;0;0;0;0;0;0;0;0;0;0;0;1;1;1;1;
Валерия Пустовая;0;0;0;;0;0;0;0;0;0;0;0;0;0;0;0;0;0;1;0;0;0;;0;0;0;0;0;0;0;0;0;0;0;0;0;0;1;1;1;1;
Виталий Пуханов;0;0;0;;0;0;0;0;0;0;0;0;0;0;0;0;0;0;1;0;0;0;;0;0;0;0;0;0;0;0;0;0;0;0;0;0;1;1;1;1;
Владимир Рецептер;0;0;0;;0;0;0;0;0;0;0;0;0;0;0;0;0;0;1;0;0;0;;0;0;0;0;0;0;0;0;0;0;0;0;0;0;1;1;1;1;
Владимир Севриновский;0;0;0;;0;0;0;0;0;0;0;0;0;0;0;0;0;0;1;0;0;0;;0;0;0;0;0;0;0;0;0;0;0;0;0;0;1;1;1;1;
Анна Сергеева-Клятис;0;0;0;;0;0;0;0;0;0;0;0;0;0;0;0;0;0;1;0;0;0;;0;0;0;0;0;0;0;0;0;0;0;0;0;0;1;1;1;1;
Александр Стесин;0;0;0;;0;0;0;0;0;0;0;0;0;0;0;0;0;0;1;0;0;0;;0;0;0;0;0;0;0;0;0;0;0;0;0;0;1;1;1;1;
Алексей Федяров;0;0;0;;0;0;0;0;0;0;0;0;0;0;0;0;0;0;1;0;0;0;;0;0;0;0;0;0;0;0;0;0;0;0;0;0;1;1;1;1;
Петр Алесшкоский;0;0;0;;0;0;0;0;0;0;0;0;0;0;0;0;0;0;0;1;0;0;;0;0;0;0;0;0;0;0;0;0;0;0;0;0;0;1;1;1;
Ирина Богатырева;0;0;0;;0;0;0;0;0;0;0;0;0;0;0;0;0;0;0;1;0;0;;0;0;0;0;0;0;0;0;0;0;0;0;0;0;0;1;1;1;
Алина Гатина;0;0;0;;0;0;0;0;0;0;0;0;0;0;0;0;0;0;0;1;0;0;;0;0;0;0;0;0;0;0;0;0;0;0;0;0;0;1;1;1;
Елена Погорельская;0;0;0;;0;0;0;0;0;0;0;0;0;0;0;0;0;0;0;1;0;0;;0;0;0;0;0;0;0;0;0;0;0;0;0;0;0;1;1;1;
Стив Левин;0;0;0;;0;0;0;0;0;0;0;0;0;0;0;0;0;0;0;1;0;0;;0;0;0;0;0;0;0;0;0;0;0;0;0;0;0;1;1;1;
Ольга Покровская;0;0;0;;0;0;0;0;0;0;0;0;0;0;0;0;0;0;0;1;0;0;;0;0;0;0;0;0;0;0;0;0;0;0;0;0;0;1;1;1;
Александр Соболев;0;0;0;;0;0;0;0;0;0;0;0;0;0;0;0;0;0;0;1;0;0;;0;0;0;0;0;0;0;0;0;0;0;0;0;0;0;1;1;1;
Сергей Шойгу;0;0;0;;0;0;0;0;0;0;0;0;0;0;0;0;0;0;0;1;0;0;;0;0;0;0;0;0;0;0;0;0;0;0;0;0;0;1;1;1;
Тимур Валитов;0;0;0;;0;0;0;0;0;0;0;0;0;0;0;0;0;0;0;0;1;0;;0;0;0;0;0;0;0;0;0;0;0;0;0;0;0;0;1;1;
Анатолий Гаврилов;0;0;0;;0;0;0;0;0;0;0;0;0;0;0;0;0;0;0;0;1;0;;0;0;0;0;0;0;0;0;0;0;0;0;0;0;0;0;1;1;
Сергей Дмитренко;0;0;0;;0;0;0;0;0;0;0;0;0;0;0;0;0;0;0;0;1;0;;0;0;0;0;0;0;0;0;0;0;0;0;0;0;0;0;1;1;
Татьяна Замировская;0;0;0;;0;0;0;0;0;0;0;0;0;0;0;0;0;0;0;0;1;0;;0;0;0;0;0;0;0;0;0;0;0;0;0;0;0;0;1;1;
Анастасия Коваленкова;0;0;0;;0;0;0;0;0;0;0;0;0;0;0;0;0;0;0;0;1;0;;0;0;0;0;0;0;0;0;0;0;0;0;0;0;0;0;1;1;
Катерина Кожевина;0;0;0;;0;0;0;0;0;0;0;0;0;0;0;0;0;0;0;0;1;0;;0;0;0;0;0;0;0;0;0;0;0;0;0;0;0;0;1;1;
Анастасия Курляндская;0;0;0;;0;0;0;0;0;0;0;0;0;0;0;0;0;0;0;0;1;0;;0;0;0;0;0;0;0;0;0;0;0;0;0;0;0;0;1;1;
Даниэль Орлов;0;0;0;;0;0;0;0;0;0;0;0;0;0;0;0;0;0;0;0;1;0;;0;0;0;0;0;0;0;0;0;0;0;0;0;0;0;0;1;1;
Александр Прост;0;0;0;;0;0;0;0;0;0;0;0;0;0;0;0;0;0;0;0;1;0;;0;0;0;0;0;0;0;0;0;0;0;0;0;0;0;0;1;1;
Наталия Репина;0;0;0;;0;0;0;0;0;0;0;0;0;0;0;0;0;0;0;0;1;0;;0;0;0;0;0;0;0;0;0;0;0;0;0;0;0;0;1;1;
Максим Цхай;0;0;0;;0;0;0;0;0;0;0;0;0;0;0;0;0;0;0;0;1;0;;0;0;0;0;0;0;0;0;0;0;0;0;0;0;0;0;1;1;
Иван Шипнигов;0;0;0;;0;0;0;0;0;0;0;0;0;0;0;0;0;0;0;0;1;0;;0;0;0;0;0;0;0;0;0;0;0;0;0;0;0;0;1;1;
Ольга Аникина;0;0;0;;0;0;0;0;0;0;0;0;0;0;0;0;0;0;0;0;0;1;;0;0;0;0;0;0;0;0;0;0;0;0;0;0;0;0;0;1;
Михаил Бару;0;0;0;;0;0;0;0;0;0;0;0;0;0;0;0;0;0;0;0;0;1;;0;0;0;0;0;0;0;0;0;0;0;0;0;0;0;0;0;1;
Екатерина Барбаняга;0;0;0;;0;0;0;0;0;0;0;0;0;0;0;0;0;0;0;0;0;1;;0;0;0;0;0;0;0;0;0;0;0;0;0;0;0;0;0;1;
Александр Баунов;0;0;0;;0;0;0;0;0;0;0;0;0;0;0;0;0;0;0;0;0;1;;0;0;0;0;0;0;0;0;0;0;0;0;0;0;0;0;0;1;
Ксения Буржская;0;0;0;;0;0;0;0;0;0;0;0;0;0;0;0;0;0;0;0;0;1;;0;0;0;0;0;0;0;0;0;0;0;0;0;0;0;0;0;1;
Петр Воротынцев;0;0;0;;0;0;0;0;0;0;0;0;0;0;0;0;0;0;0;0;0;1;;0;0;0;0;0;0;0;0;0;0;0;0;0;0;0;0;0;1;
Николай Гаврилов;0;0;0;;0;0;0;0;0;0;0;0;0;0;0;0;0;0;0;0;0;1;;0;0;0;0;0;0;0;0;0;0;0;0;0;0;0;0;0;1;
Дмитрий Гаричев;0;0;0;;0;0;0;0;0;0;0;0;0;0;0;0;0;0;0;0;0;1;;0;0;0;0;0;0;0;0;0;0;0;0;0;0;0;0;0;1;
Рагим Джафаров;0;0;0;;0;0;0;0;0;0;0;0;0;0;0;0;0;0;0;0;0;1;;0;0;0;0;0;0;0;0;0;0;0;0;0;0;0;0;0;1;
Андрей Дудко;0;0;0;;0;0;0;0;0;0;0;0;0;0;0;0;0;0;0;0;0;1;;0;0;0;0;0;0;0;0;0;0;0;0;0;0;0;0;0;1;
Виталий Захарцов;0;0;0;;0;0;0;0;0;0;0;0;0;0;0;0;0;0;0;0;0;1;;0;0;0;0;0;0;0;0;0;0;0;0;0;0;0;0;0;1;
Михаил Квадратов;0;0;0;;0;0;0;0;0;0;0;0;0;0;0;0;0;0;0;0;0;1;;0;0;0;0;0;0;0;0;0;0;0;0;0;0;0;0;0;1;
Павел Кренев;0;0;0;;0;0;0;0;0;0;0;0;0;0;0;0;0;0;0;0;0;1;;0;0;0;0;0;0;0;0;0;0;0;0;0;0;0;0;0;1;
Саша Кругосветов;0;0;0;;0;0;0;0;0;0;0;0;0;0;0;0;0;0;0;0;0;1;;0;0;0;0;0;0;0;0;0;0;0;0;0;0;0;0;0;1;
Лев Кузьминский;0;0;0;;0;0;0;0;0;0;0;0;0;0;0;0;0;0;0;0;0;1;;0;0;0;0;0;0;0;0;0;0;0;0;0;0;0;0;0;1;
Екатерина Манойло;0;0;0;;0;0;0;0;0;0;0;0;0;0;0;0;0;0;0;0;0;1;;0;0;0;0;0;0;0;0;0;0;0;0;0;0;0;0;0;1;
Сергей Миронов;0;0;0;;0;0;0;0;0;0;0;0;0;0;0;0;0;0;0;0;0;1;;0;0;0;0;0;0;0;0;0;0;0;0;0;0;0;0;0;1;
Алексей Рачунь;0;0;0;;0;0;0;0;0;0;0;0;0;0;0;0;0;0;0;0;0;1;;0;0;0;0;0;0;0;0;0;0;0;0;0;0;0;0;0;1;
Анатолий Словцов;0;0;0;;0;0;0;0;0;0;0;0;0;0;0;0;0;0;0;0;0;1;;0;0;0;0;0;0;0;0;0;0;0;0;0;0;0;0;0;1;
Анастасия Сопикова;0;0;0;;0;0;0;0;0;0;0;0;0;0;0;0;0;0;0;0;0;1;;0;0;0;0;0;0;0;0;0;0;0;0;0;0;0;0;0;1;
Арсен Титов;0;0;0;;0;0;0;0;0;0;0;0;0;0;0;0;0;0;0;0;0;1;;0;0;0;0;0;0;0;0;0;0;0;0;0;0;0;0;0;1;
Гала Узрютова;0;0;0;;0;0;0;0;0;0;0;0;0;0;0;0;0;0;0;0;0;1;;0;0;0;0;0;0;0;0;0;0;0;0;0;0;0;0;0;1;
Дмитрий Фалеев;0;0;0;;0;0;0;0;0;0;0;0;0;0;0;0;0;0;0;0;0;1;;0;0;0;0;0;0;0;0;0;0;0;0;0;0;0;0;0;1;
Евгения Варенкова;0;0;0;;0;0;0;0;0;0;0;0;0;0;0;0;0;0;0;0;0;1;;0;0;0;0;0;0;0;0;0;0;0;0;0;0;0;0;0;1;
Ислам Ханипаев;0;0;0;;0;0;0;0;0;0;0;0;0;0;0;0;0;0;0;0;0;1;;0;0;0;0;0;0;0;0;0;0;0;0;0;0;0;0;0;1;
Виктория Черножукова;0;0;0;;0;0;0;0;0;0;0;0;0;0;0;0;0;0;0;0;0;1;;0;0;0;0;0;0;0;0;0;0;0;0;0;0;0;0;0;1;
Владимир Веретенников;0;0;0;;0;0;0;0;0;0;0;0;0;0;0;0;0;0;0;0;0;1;;0;0;0;0;0;0;0;0;0;0;0;0;0;0;0;0;0;1;
Татьяна Чернышева;0;0;0;;0;0;0;0;0;0;0;0;0;0;0;0;0;0;0;0;0;1;;0;0;0;0;0;0;0;0;0;0;0;0;0;0;0;0;0;1;
Светлана Шнитман-МакМиллин;0;0;0;;0;0;0;0;0;0;0;0;0;0;0;0;0;0;0;0;0;1;;0;0;0;0;0;0;0;0;0;0;0;0;0;0;0;0;0;1;
